engine_size,horsepower,curb_weight,fuel_efficiency,age,price,vehicle_type,brand
2.2483570765056164,187.04710190126565,3699.677718293001,28.89180538083319,13,28915.914305588027,Coupe,Kia
1.9308678494144076,226.37666561880522,3462.3168414563843,22.244071418357333,14,32899.263266643204,Coupe,Ford
2.3238442690503462,94.05729704723436,3029.815184960087,20.909005582888465,5,32467.665315603925,SUV,Ford
2.761514928204013,172.51876946762283,2676.531611147213,24.98312771294524,10,35891.210749240265,Hatchback,Toyota
1.882923312638332,123.97429723512693,3349.111656806795,24.149076887375358,2,33551.67566424285,Sedan,Honda
1.8829315215254097,130.51498464941216,3196.742692710875,22.733859753363625,7,29852.162405615123,Truck,Toyota
2.7896064077536957,126.30424303044524,3447.596610013866,28.481937237283578,2,35299.62228579516,Coupe,Kia
2.3837173645764542,115.44036921280735,3317.585900840985,29.776526042852552,13,26224.35307460937,Coupe,Hyundai
1.765262807032524,151.94086511779307,3524.7763576596676,25.442034431459238,11,29293.39522849621,Hatchback,BMW
2.2712800217929825,116.76199534355848,2732.382394219716,32.38765040527631,12,26598.624226684467,Hatchback,Chevrolet
1.7682911535937689,160.81827303119354,3658.697032817163,19.291554429332475,12,24987.533288613828,SUV,Kia
1.7671351232148715,147.99047562203452,3098.7998023461996,24.03170270360141,1,38240.95032718004,SUV,Chevrolet
2.1209811357830173,140.4420781253436,4037.630436312633,21.415888396985977,12,23741.62855457415,Coupe,Ford
1.043359877671101,113.69745351833609,2655.4060909552163,15.6673169146347,12,20190.210956611776,Hatchback,Chevrolet
1.1375410837434836,126.9291467772667,3867.9819015826247,24.586596570786504,2,35486.337018282204,Sedan,Chevrolet
1.7188562353795136,180.21564903303025,3098.9553917313237,24.39126245808358,10,31364.423916103635,Truck,Hyundai
1.4935844398327882,170.03668750497522,2674.290998192776,32.567248716210656,5,36932.60951281002,Hatchback,Chevrolet
2.157123666297637,110.89779020805796,2758.0570829728395,28.154058422773886,1,35380.763927037486,Hatchback,Kia
1.5459879622393946,153.97329221716905,2839.82634590284,19.879065878353977,7,32819.83753530008,Convertible,BMW
1.2938481493323541,180.05548493487157,3212.0829732009583,34.27046283167094,0,41954.57121498028,SUV,Chevrolet
2.732824384460777,83.22378875514514,3261.41774401775,31.105168477626766,6,28920.304159743846,Truck,Mercedes
1.887111849756732,171.7344076951974,2713.1499980307103,27.91048851734308,1,44633.18209074316,Coupe,Chevrolet
2.033764102343962,123.49504964216614,2987.8227038695086,23.86757950575084,9,31087.873773686926,Hatchback,Chevrolet
1.2876259068932716,172.82394674372637,4071.135179305932,20.202803816382602,11,24842.7156682397,Coupe,Toyota
1.7278086377374087,119.46963373829932,3863.7715850503555,23.138966119644735,5,25297.559438149154,Hatchback,BMW
2.055461294854933,77.80471597341923,3218.161834837016,30.44374309852093,11,24614.307811610717,Coupe,Kia
1.4245032112888487,84.8983024846735,3019.0017390841003,34.42293152967304,1,31240.663058580296,Truck,Ford
2.1878490091728358,151.92339786645528,3060.0156633591305,32.71621764136094,1,42760.3502140435,SUV,Toyota
1.6996806550405976,160.38890006885927,3306.7589863652083,22.55575289106863,9,26095.356942067352,Truck,Kia
1.8541531251033616,113.82733499582366,2488.603717400797,19.401912833554945,12,25633.56268340047,Convertible,Honda
1.6991466938853015,175.54369835109495,2871.3117312883273,25.70443123455602,7,32627.728842538392,Sedan,BMW
2.926139092254469,83.5391975092416,2165.707963061205,16.157803172185744,14,23494.009974135348,SUV,Mercedes
1.993251387631033,147.35680805410735,3199.6115613026395,26.615838570923906,14,25667.925695556198,Truck,BMW
1.4711445355220498,101.55935200950174,3323.5979698513706,24.261987068506656,11,19866.69144272162,Convertible,Honda
2.4112724560515946,123.92655568791363,2758.406768850313,22.66981749065879,1,36829.55027152372,Sedan,Honda
1.3895781750144889,151.89594685265655,3786.9933816450166,17.02648466366602,6,30562.27629366569,Convertible,Honda
2.104431797502378,115.58346538864191,2387.1171684988294,27.568000532848583,2,36822.796607173856,Hatchback,Hyundai
1.020164938060112,134.61777823080698,2267.81255989509,22.336495801690443,7,30622.772638753908,Hatchback,Ford
1.3359069755507846,190.2517123685776,3112.225909279986,19.15041582144856,6,38591.404678270825,Coupe,Chevrolet
2.0984306179345618,126.92432521907405,3523.5491513060774,10.638688933591753,13,17939.880636395188,SUV,BMW
2.3692332899977053,183.42768448260568,3841.9638457289343,24.862425474746818,7,38973.45087168243,Hatchback,Kia
2.085684140594985,104.81172581369528,2770.55786856553,33.86125798334872,13,25178.072737739592,Convertible,Hyundai
1.9421758588058797,171.1921671166113,3539.3404167156477,33.30629607273935,6,34730.75457254909,SUV,Kia
1.8494481522053556,207.66274482631601,2980.7457652496464,22.714518717068643,10,32235.403900684123,Hatchback,Chevrolet
1.2607390048162863,70.0,2913.6863500295904,21.988939698191096,5,23974.39147247383,Coupe,Chevrolet
1.6400778958026456,118.12418978118093,3441.8299687433364,27.34387128037512,12,25161.067207963304,Truck,Mercedes
1.7696806145201063,173.0828850872216,3326.16143920671,20.008072804058543,6,33711.5237939257,Coupe,Honda
2.5285611131094576,141.87818455828028,2211.803921507875,26.50895949909733,4,41673.99571245481,Sedan,Ford
2.1718091447842305,164.84583493485235,3738.270174862948,28.830401391923452,6,32387.199476393598,Hatchback,Mercedes
1.118479922318633,125.84059253136718,3690.0456770737255,31.13466611942154,0,34762.16299413736,Sedan,Toyota
2.1620419846973977,153.463591498916,2687.218649245235,24.499229617600236,0,38853.10684018714,Sedan,Hyundai
1.8074588597918417,143.77291058431683,3197.9017667187045,23.98163124911517,8,30927.45411944277,Convertible,Hyundai
1.6615389998470207,196.71128246639228,3247.0150931413696,20.610087066217194,13,31057.507253335592,SUV,Ford
2.305838144420434,160.17683373204852,3130.3368829119536,20.8655982298007,4,36006.12009924028,Convertible,Chevrolet
2.5154997612479755,163.5041064830081,2724.84742307729,23.867605540492367,12,26012.308480734362,Hatchback,Kia
2.4656400595580994,133.5249213551013,2664.1883160309744,26.83682753408089,4,37186.29748253165,Sedan,Hyundai
1.5803912383886807,130.49575103710026,2987.2229645042776,29.567923131166246,2,36603.36461956778,Truck,Ford
1.8453938120743927,132.69767248721516,3586.3645096296823,20.984105246598276,4,32638.630224928376,Sedan,Hyundai
2.165631715701782,165.77808569513186,3271.8000772972164,32.46344284479761,2,43495.35651462793,Truck,Hyundai
2.4877725635611796,133.16062076718947,2814.692833956947,23.644381994787157,8,29736.763139147923,Convertible,Honda
1.760412881077355,161.59099427585653,3385.8493553241724,24.89316352825782,8,33007.70427672184,Convertible,Toyota
1.9071705116680915,233.01603194581756,2000.0,21.263941604260882,5,46660.918075394155,SUV,Honda
1.446832512996986,184.8449881372677,3574.3828501860517,12.878798698635292,14,20694.815224059654,Sedan,Toyota
1.4018966879596646,136.95905871328637,2130.1431106109503,29.42022698180525,0,40164.65876218473,Coupe,Hyundai
2.406262911197099,198.04855688655778,2818.7795292984338,28.684219485462165,6,40114.5695987273,Convertible,Mercedes
2.6781200142854114,133.67698507913795,2440.165052686928,23.593362214408934,6,35077.35554207467,Convertible,Kia
1.963994939209833,70.0,2352.659262139547,25.33495358612436,13,20949.00997765195,SUV,Chevrolet
2.501766448946012,109.67654756330384,3580.4133936892595,27.579696088520496,9,26853.609405266892,Truck,Hyundai
2.180818012523817,75.16832315896578,2766.1493993440545,17.187270715567287,9,21613.025539570153,SUV,Toyota
1.6774401226974378,135.93946063834767,3173.251940865358,22.354736613268525,3,33819.01470782612,Sedan,Toyota
2.180697802754207,150.73673516758205,2976.539710560408,28.971323398109135,7,32282.460305796234,Hatchback,Toyota
2.7690182832329846,217.05749249101132,3238.520413611561,18.728552884153753,5,40109.823590637345,Hatchback,Hyundai
1.9820869804450243,163.0770949505665,3038.4109455301277,26.467789660833148,3,39829.45304341111,Truck,Ford
2.782321827907003,141.23597884764544,2358.503887905715,18.217090976882975,3,36099.385717733414,Convertible,Mercedes
1.0,183.17622324733958,3498.13340972357,27.332149912167633,1,40120.410489538765,Truck,Ford
2.410951252187612,70.0,2753.1217084193436,24.821792588512583,13,21616.15144313457,Convertible,Chevrolet
2.043523534119086,159.42458232434262,2221.7090506701243,16.924340920472453,1,36562.86545996457,Convertible,Hyundai
1.8504963247670663,180.83460775547866,2785.9424195170436,30.823696772285857,11,31872.674960600838,Hatchback,Toyota
2.045880388267751,90.85655016880634,3750.3798953171554,21.327042116009753,13,21376.16362034627,Truck,Mercedes
1.0062155426995536,195.75016172827716,3425.1108710567464,20.948737814928094,3,34970.85755951914,SUV,Mercedes
1.890164056081244,163.53985629977657,2825.6739327960704,26.002845986154714,4,36644.89060524142,Convertible,BMW
2.178556285755873,133.38848344396794,2825.3711478407854,30.743186747143575,7,34296.53404191535,Coupe,Chevrolet
2.738947022370758,175.3112746442514,2839.1824743913085,19.920890905108017,14,31620.562782341593,Coupe,Kia
1.7408648908631763,240.82771431217583,4038.3739917804205,25.30839924923986,5,40787.220198005256,SUV,Kia
1.5957531985534061,157.2746502023398,3190.9677261157767,27.144082501652864,13,25366.585274609937,Coupe,Mercedes
1.7491214782077318,159.92882345201343,3215.0208235955347,28.46552803631572,14,29348.05046329363,Sedan,Hyundai
2.457701058851037,131.62556401839024,3515.141727015921,25.882207776386124,3,39159.61700723268,Convertible,Toyota
2.1643755548298422,116.00622522140833,3119.3945795132568,23.164860804583387,12,26445.64829008412,SUV,Toyota
1.7351198981164806,183.21343266176982,2870.4789270896486,20.862048896756402,10,32128.791170828456,Truck,Mercedes
2.256633716556678,115.75664696364531,2901.825075457511,25.430719415231874,6,30011.52813488407,Convertible,Ford
2.0485387746740202,152.8626494887757,2964.199370292968,19.639304940071966,7,30770.45470721495,SUV,Chevrolet
2.4843224952664444,130.89370212939534,2981.3888817450793,10.393247582526964,1,36703.23766228562,Hatchback,Toyota
1.6489734530613238,169.1591930298557,3363.81477181849,27.182799020788337,11,30408.566364467595,Truck,Mercedes
1.8361689267011159,163.34648421147793,3025.9729429036497,29.519674205430977,6,38498.34134242289,Hatchback,Toyota
1.8039459234339212,191.50159777031598,3366.3200386077897,13.185337822290808,14,27767.325219648228,Convertible,Kia
1.2682425259339407,129.5993440458101,2959.641709945709,19.95134647645031,13,18829.48725426185,Truck,Mercedes
2.148060138532288,139.20500258826516,3039.317595158045,28.095771305025988,1,41009.09498055832,Coupe,Chevrolet
2.1305276360899446,110.8494513687077,2000.8996577339462,35.2874773485585,1,37536.102944755585,SUV,Mercedes
2.0025567283212307,132.22826959695553,3458.1638373512405,25.10396853837704,7,29567.020633727472,Convertible,BMW
1.8827064333124266,165.0920197217941,3173.244237948996,21.35998529385433,1,39583.23026749296,Sedan,Mercedes
1.2923146289747929,180.2795446658141,3499.005054929826,24.0855177944758,14,29715.326782109234,Truck,Mercedes
1.7896773386173206,113.11338703289499,2000.0,31.874382095740923,10,35275.08425030036,Truck,Hyundai
1.8286427417366153,184.7842368042264,4044.1873523903637,21.770179104377323,8,33443.45913999959,Convertible,Kia
1.5988613653891905,204.22551435219805,2930.205185922413,21.00403996674873,11,32193.139915451524,Convertible,Chevrolet
1.9193571441669954,166.53739612894805,3554.0914083687585,22.58628238908984,0,40889.89600343734,Hatchback,Hyundai
2.202025428407269,225.07183250232265,2480.0470364372345,20.233356958706437,14,35975.14770606856,Coupe,Mercedes
2.943092950605265,119.04843203585708,3306.386952531285,25.613351579973976,8,30602.683215219346,Hatchback,Chevrolet
2.0872889064159197,100.21381186754331,2473.292218413172,33.1233922923478,14,27551.76463946996,Hatchback,BMW
2.1287751953613823,78.85119004382885,2688.1155196520976,26.615396365580146,0,34678.43434266167,Coupe,Chevrolet
1.9627770421169164,209.84177245956732,3957.015676933393,23.738232489368563,9,35701.609694497194,Sedan,Toyota
1.0406143923504794,176.17462625416232,2904.6587996183266,23.54094365542228,12,28970.025438424396,Hatchback,Hyundai
1.9867430622753917,147.7766131635818,3108.7164365898616,17.184045956516716,9,29800.440042536884,Hatchback,Chevrolet
2.030115104970513,161.19874505279282,3435.033865344377,29.415548885735795,1,41901.14286758845,Truck,Kia
3.231621056242643,104.98043810806493,3247.840943986302,24.61081401493599,5,32384.88152145517,Coupe,BMW
1.9038195176094388,247.83007918467305,3075.209452571788,24.09760043204687,5,43046.96414466936,SUV,Honda
2.150773671166806,155.1688472790091,3182.4805012331126,40.965537839224304,0,41597.04384083657,Sedan,Mercedes
1.9826441151473784,154.3757917841957,4201.707792619138,26.49376454182843,6,33159.85130822957,Sedan,Chevrolet
1.4156609811902339,179.03066495594769,2971.1906014832075,21.24104474952408,7,35013.7501931281,Coupe,Mercedes
2.5714114072575103,169.24036926946854,3100.549523357484,22.868212018972283,1,42926.36023810264,Convertible,Ford
2.375966516343387,158.95536097116525,3525.327198003806,30.742228545983775,7,38470.21182603091,Convertible,Toyota
2.3955159735215235,118.38102178218753,3552.762966478992,25.56635205268882,8,29021.202538705013,Truck,Hyundai
1.5453062726026305,168.85873428543982,3593.51515278019,17.808610108413166,5,34233.96727365915,Truck,Toyota
2.7013971554680496,225.28097985900135,3319.3651110145925,29.59614467287602,4,43729.386412571665,Coupe,Ford
1.2990744686038596,203.8168018461991,2428.497543634758,21.65927957230503,11,31979.56501267417,Truck,Ford
2.293428546900135,213.72746506557587,3816.715766150548,34.366488881087726,8,40883.973906306,Sedan,Hyundai
3.095227812904989,129.5513729427526,2426.827303490656,30.400240328573243,12,33165.418413209845,Sedan,Chevrolet
1.5047318374346559,110.41580718965676,3151.3177326195164,22.763390521706246,11,22217.884975043497,SUV,Ford
1.716851135198614,144.96852319601408,2622.862074990321,31.405081808675565,10,30539.49943323559,Convertible,Honda
2.049825682543821,152.22899649154778,2967.930826703504,25.339277552637018,8,29468.62306054502,Coupe,Mercedes
1.7482621729419003,193.76766073883795,3164.3812051517402,29.263868375611096,0,43431.505455915016,Hatchback,Mercedes
1.2246682844669337,82.30141481140723,3160.6786077251363,27.423664086472375,10,22848.2882634253,Convertible,BMW
2.0342814874030135,211.18201277842456,3210.9603771176426,20.768216725045633,2,44103.17836303848,Hatchback,Kia
1.4688481431369476,143.67968405684041,3806.8556345293237,21.78225083841269,8,28518.58317648119,SUV,Ford
2.236796215317591,132.9247572021032,3226.76715075699,30.149804087905807,10,29678.83825659219,SUV,Ford
1.5402878828830984,109.5158249895933,2877.921682354676,23.326123339467294,1,33495.95376804908,Truck,Honda
2.77496720250877,83.80573312536923,3482.0435841441786,22.981757683790015,11,22017.09700958599,SUV,Toyota
1.6083733538318814,182.92682335847658,3594.73524446232,20.224387103253235,3,38370.86616947438,SUV,Toyota
1.8389692418971622,152.93271868753615,2386.1960924315035,27.117995327967307,3,39303.33236395433,Hatchback,Mercedes
2.406758608684835,98.40156401035784,3298.7000349249292,35.31262459621573,1,37509.59477246918,Truck,Mercedes
1.3845678417830225,98.19684911745536,3350.5863711554493,19.662335428728635,14,16152.613095194274,SUV,Chevrolet
2.113729967302065,136.56861202839488,2851.218248320004,25.12109728336379,2,33013.14822503594,Convertible,Hyundai
2.653571377141214,216.7608610115757,3687.8534066558095,32.061102777077146,12,38867.619398192415,SUV,Kia
1.1962583827193862,139.6163459454558,2924.9722064837365,24.601793043771423,2,33663.14902647374,Truck,Honda
2.0923169292661523,89.87428187527576,3062.7882267357713,27.26185898124867,0,32865.62279001799,Coupe,Hyundai
2.129941397124212,140.17027743656223,2913.4640878580653,19.688032359265602,5,34904.48805499383,Truck,Hyundai
2.390911435888655,139.09105721009317,3007.7895237907337,27.141535486038244,7,32710.5427984632,Hatchback,BMW
1.381524644560959,70.0,2451.862456552399,24.064278674977256,11,22173.577523666772,Coupe,Hyundai
1.3397716934578618,147.8282053392875,2279.974558702853,29.928649978399314,2,39461.92839172989,Convertible,BMW
2.2609707828084487,140.76261879165287,3797.252531612486,30.936930257823754,4,36819.193862331376,Sedan,Hyundai
2.148492336616593,177.84825459253673,2576.5193258408362,37.94781821009307,0,43934.91603703932,Truck,Honda
2.1252464251729384,223.9582437978138,2504.3038252718466,27.898165866067878,9,42766.47714874288,Hatchback,BMW
2.173224104748488,195.06260118191028,2000.0,26.628981582910832,6,41874.229811486366,Convertible,Toyota
1.6599876392107547,139.24445237780677,2680.519126155249,25.97192150788668,9,28999.199926187368,Coupe,BMW
2.116126848580502,105.73896365033319,2338.455103296251,23.23416853594656,12,25178.977346056134,Convertible,BMW
2.146536236649341,252.93439212999442,3821.0075800681843,26.692419217308455,0,45877.04614047614,Truck,Honda
1.642824290986816,152.36873736057953,3504.908544671317,23.522992949304854,11,27677.43373249808,SUV,Honda
2.9328872555723784,150.55717167651784,2655.9248274111383,25.84230488134807,10,31652.247239452114,Truck,BMW
2.2369164604558938,149.03499651559986,4126.217902672154,31.5879876780398,8,28974.070191504245,Sedan,Kia
1.4043482513986758,157.9233904307142,3490.882743495797,19.967287173601793,7,26972.35737256043,Truck,Ford
2.328276804316915,144.2255835230423,2837.5843082456886,30.699392805645225,6,38097.47545987249,Coupe,Kia
1.5126591648863392,127.05351972479055,2000.0,31.58557533669933,9,29301.91774709236,Coupe,Honda
2.393542301871226,128.1256423503843,4145.471286295371,24.409657365044605,14,25651.635460903282,Truck,Kia
2.579297789503702,148.68986919136006,2305.213766618202,14.390725504957027,6,33802.994929297514,Coupe,Kia
1.5896588408241448,128.2630091546494,2177.300626521554,21.960890064527838,4,30218.138282613938,SUV,Chevrolet
2.481688064622161,121.48616869291342,3511.28521600482,31.484972732805545,4,32635.056297811978,Convertible,Chevrolet
2.206390463468249,154.25720910767586,4219.876203169637,24.88565968850559,10,31053.895072548054,Truck,Toyota
2.411030079997245,139.80091130316578,3692.136409255259,20.003488838525445,12,25517.809963629556,SUV,Hyundai
2.9483964913269736,210.15971954330755,3281.95456002618,22.47612539385891,4,42695.9027940499,Convertible,BMW
1.8773059419985647,70.0,3297.377170832643,29.203100132522763,0,32197.819962540532,Convertible,Ford
1.6231319178212553,193.66027407689847,3426.707779390154,27.7336678410069,7,36932.30664290977,SUV,Toyota
1.5552427851872384,199.84340769990516,3379.4642948933824,23.80533950415153,11,33887.00606840068,Hatchback,BMW
1.5920948575172809,70.0,3140.595711984688,23.165877940926563,10,23025.267196553632,Truck,Kia
1.961449145292948,136.29249623678606,3052.100551975938,23.04120925478089,0,37298.10051498358,Convertible,Honda
2.170575987408322,135.14236536016836,2968.703436050239,20.387949077507486,3,32514.05206947874,Convertible,Chevrolet
2.1383453996650097,93.69953221128715,2623.017705566662,33.07687844734721,14,22327.399376213318,Coupe,Mercedes
2.413591624518012,118.88733249636499,2859.662461566613,23.3883976539433,8,30608.423744011743,Convertible,Ford
2.0065009459389533,105.57696618136686,2153.521592902307,31.085792604127484,13,23559.79693855321,SUV,Kia
2.726767038578658,220.09081773694493,2950.830186602625,32.60658025961226,8,40894.73673835758,Convertible,Mercedes
1.867671583381022,187.42713572589844,2505.7044464245414,29.9915544907398,4,42020.20609113156,Hatchback,Chevrolet
3.3600845832948094,200.86220379976635,2448.2053413921144,22.841898436409757,3,46741.138431217885,Truck,Kia
2.312833673882503,178.8668825617294,3089.9470755767393,27.018650451683047,2,42114.619207826756,Truck,Hyundai
1.5714212217918586,104.83792915131083,3696.0011431722996,24.879021968045418,2,29264.868018371002,Convertible,Hyundai
1.464553750969444,129.01918934880905,3459.1583030011566,20.48149069634936,11,23012.76029264526,Sedan,Mercedes
2.2412362076215926,169.57498244911673,2214.7496981884115,26.621796408608017,4,38727.600464584626,Sedan,Honda
1.8882686073370745,101.11488764432218,2505.185931714831,19.10480104420099,9,27367.279754103554,SUV,Kia
2.357000247046046,178.51993720689552,3470.385593994108,30.93839694230782,0,46240.401331748544,Sedan,BMW
2.2366188122867725,140.3869840736746,2508.7563032308453,22.676913513508033,4,32574.04921599151,SUV,Kia
1.9635855436715637,135.0071676980161,2887.6834250014876,26.005798279364196,5,31958.244486301348,Coupe,Honda
1.5766031409657975,178.43839872813965,3275.026049512276,26.41643935773071,6,32313.82655805279,SUV,Kia
1.2425763876570677,167.7705324594416,2515.8277725681824,23.705475131479613,11,27914.17402126112,Sedan,Mercedes
1.7767425239664894,135.5613533672368,3052.68775307298,27.933469007376374,8,30200.80526437174,Convertible,Honda
2.428199397161736,196.37319213456993,2332.9872525408978,22.62548171688738,2,41881.74880384082,Coupe,Chevrolet
2.107046872065102,106.7574668960041,2699.316178024393,29.35648648728622,14,21625.83262095355,Sedan,Ford
1.377130610644006,174.63742427777055,3159.8909670712683,18.270101598766257,1,35921.45790115679,SUV,Honda
2.086590462925591,173.72405031873535,2203.5031332341655,25.63189789773206,13,31766.084392526285,Hatchback,Kia
2.1926586898644183,137.61814242744038,3220.2373689801993,34.694644995291426,2,38976.93324750768,Truck,Chevrolet
1.5580712818994336,163.04532088968472,2990.1811005366594,19.998343376972127,11,26554.577302313373,Sedan,Ford
2.076862552972764,99.95545694458788,3276.244977208574,21.611275147375743,8,26349.540172713878,SUV,Hyundai
2.029104359223,186.96108076827605,3111.9570670323305,27.569539248294575,11,31980.05470091633,Coupe,BMW
1.4285148510846883,142.60391454228045,3682.070214986922,25.89790890969799,6,29818.067138795755,Sedan,Mercedes
2.1788936801741414,129.09107917923842,3062.612251323954,26.753150496367795,8,34018.098735668995,Sedan,Kia
2.280392263184117,191.96036903347556,2785.2972294373735,27.445935650738317,12,36636.72846775353,Truck,Kia
2.5415256215876383,121.82625237828964,3061.148751516142,28.17360734280885,1,35720.46359426617,SUV,Hyundai
2.5269010260174514,93.66154814545762,3271.649014518194,30.548499209781117,4,34172.7245412763,Hatchback,BMW
1.3111653160214545,87.73483305904385,3024.430035162852,27.049093284642563,12,21690.73094955474,Coupe,Hyundai
1.5310874800424386,174.24039805382557,3020.295845601941,23.793711726907286,3,35438.926322182204,SUV,Toyota
2.25751763360433,98.78282590014868,2649.0041560966224,28.362868506013655,14,24662.95616734706,Coupe,Hyundai
2.2568929754561045,220.19176727937457,2668.549541224526,34.49940967447608,1,52428.50234357704,Sedan,Chevrolet
2.257523843153024,70.0,2298.697364100153,24.33683126808713,8,23797.45344238736,Truck,Ford
3.9263657453273604,217.85825473160153,3874.7883715934695,20.127353476646793,8,40005.81101925613,Truck,Kia
2.2854452553465836,158.44069868810473,2378.0683823043573,30.53540334643486,5,41086.67247321549,Convertible,Hyundai
2.5677828200902995,146.1314755251843,2653.5474011020465,24.398094180232007,10,32432.010668282936,Hatchback,Kia
2.4770008817466014,128.20323652764202,2640.7963672154015,14.136652269929819,5,33900.01656803821,Truck,Honda
2.325695625652899,165.96544457408282,3447.4621884722205,29.23710838575211,7,36207.30706737395,Sedan,BMW
1.8423653776798272,148.49461190300607,2852.525160853986,22.323359070230385,5,34917.57065753449,Hatchback,Hyundai
2.379484610246634,194.13207528066084,3623.871036336867,24.547333588479198,0,41560.44174720593,SUV,Ford
1.613587392731214,154.56910594648159,2663.254687878066,26.659901652845072,3,39397.77914089758,Truck,Chevrolet
1.8815906966299956,156.0120704584751,3139.497081111901,25.952498398895333,12,30496.6646381483,Hatchback,Toyota
1.7573182260854483,135.45551151144576,2582.326473370121,28.5472590856952,6,32903.52321166366,Sedan,Kia
2.0409370696931615,147.7221750511573,4072.5745638866942,22.822568147150783,12,25227.439316224256,Convertible,BMW
3.1573292833367543,162.31207075568236,2406.2007904852435,27.565528990880413,12,31341.68413767265,Coupe,Mercedes
1.066367403704126,81.59326429373498,3154.9103551135136,23.702266612080415,1,29817.570764710603,Coupe,Ford
2.3431300951872567,96.07258311577148,3316.8884404660494,28.694052404437514,8,28885.797080522614,Sedan,Mercedes
1.1936420644051742,179.7305637609086,3206.899548725749,28.076837420065267,7,33631.16892186933,Sedan,Ford
1.7640340671052832,156.83461752511766,2907.356170561146,20.322806489777022,7,34474.119630401736,Coupe,Ford
2.544475298483683,142.64066654589283,2935.089650133287,30.42991058087516,6,35445.14090398891,Convertible,Chevrolet
2.0321400095477316,150.73735732261574,3021.9057359895546,22.32018277442976,3,37719.59269559881,Hatchback,Chevrolet
1.461127611035347,163.90326821446683,2926.4989991857556,29.040288991405724,1,37689.44077707813,Coupe,Chevrolet
1.642348145370016,128.40961278762555,3481.9395583974547,26.836436567006704,2,34124.30960973056,Sedan,Hyundai
2.3397988744673377,118.86781098390749,4105.261500795676,34.190918383975614,11,26185.129881190856,Truck,Honda
1.6348166841414318,157.83381020390726,2721.254107496083,23.88267008814074,5,35472.47271953289,SUV,Ford
2.1082292947909873,110.86508889539871,2315.098510210461,23.253416019409013,11,25692.629099706995,Convertible,BMW
2.022785919951907,166.33011022857886,2955.8589758243725,24.902901970561338,11,30507.286033833785,Convertible,Mercedes
1.6741998261970914,81.89665583048638,4289.854668827159,23.484101085828623,4,26981.47028403433,Truck,Chevrolet
3.0719720446626626,191.16622549302576,2598.1627160151347,28.99970950971025,11,37062.626678725916,Truck,Hyundai
2.3169595111590056,168.90389929652173,3819.558402722034,16.91844695781706,7,29372.686847771183,Sedan,Chevrolet
1.0,160.24118937255503,3838.8504070382205,19.73158790426823,5,33791.90351244355,Coupe,Mercedes
2.093227157384714,189.30763935782056,2723.2058791460026,19.660985392104035,5,41459.13888544597,Hatchback,Mercedes
1.669106767615806,216.61897777850305,3284.4915395926378,29.75153795986788,0,43466.017203274794,Convertible,Kia
2.426216667398112,190.5748026007252,3814.198311564269,33.553066862909624,3,43797.762622210634,Convertible,Ford
1.6037396307836498,76.36503074673419,2810.4361295062563,24.477753907312643,4,26716.450948371697,Truck,Chevrolet
1.9426317792665504,98.81692133057194,2898.209819948819,24.155891384049948,11,24271.320538431315,Coupe,Mercedes
2.2524936394902286,125.00725689217285,2709.159543025678,25.350260815565907,10,29498.387942776786,Convertible,Honda
2.432877597085061,151.04364200843335,2492.6216346535666,30.809391513040953,2,41110.816424766934,Hatchback,Honda
1.3998517964721118,170.70636081876492,2675.3612274669963,20.36323432904713,12,26424.584550995463,Truck,Chevrolet
1.8327493820795258,120.97024747386138,2388.029866618872,26.191844913673926,8,28676.500038489237,Hatchback,Hyundai
1.762527344419522,157.47067057908313,3017.041734129613,29.87598814891215,0,39143.3794217276,Coupe,Mercedes
1.6733353837131442,119.7846827058671,2615.0133844706793,27.505470849699226,5,30605.897406263735,Convertible,Kia
2.882727120140548,125.53928788032206,3116.8929558953737,25.947908082993717,5,35023.54927316313,SUV,Ford
2.2024908554804776,93.73355612607111,2222.052176898186,30.005230462835705,9,27106.249939597812,Convertible,Ford
1.3695580228324773,113.07067015556383,3165.4401161072287,11.483838535003814,4,28745.73269026536,Coupe,Hyundai
2.458930973527388,95.93261577534665,3416.7644808044624,28.38937659765454,11,27788.893166710666,Convertible,Kia
3.0610780985063166,110.9650698809067,2003.1321787142724,21.72962158436288,14,25459.29476031356,Convertible,Ford
2.5162326302755735,192.14567186431358,3187.028284923786,15.846835515717716,4,40037.38461162481,Sedan,Kia
1.2403150170229933,112.02404444672229,3613.8344962366464,27.556012997624904,9,25206.253323398756,Convertible,Toyota
1.7578829635668742,255.29528259349564,2395.1794906543973,31.86829272581479,13,40330.481255742896,Convertible,Chevrolet
2.6334555745933113,169.73271603523557,3836.286193418852,24.31275742686154,12,30215.52796167027,Hatchback,Ford
1.6461652671906095,157.39344494779496,3209.5095046830224,29.764372736014693,4,37697.06067090767,SUV,Honda
2.221909714073114,115.66568879275147,2647.4940721207954,33.06139128994323,5,35514.08604060285,Hatchback,Mercedes
2.387317026714668,178.01239517635966,2972.115461171147,31.57457226792024,7,35858.54928436713,Hatchback,Kia
1.5365347642109586,126.97448695048905,3279.163456260861,33.199822646856965,1,38127.00273330999,Truck,Kia
1.9702373219691,154.88039258581446,3038.002695706206,28.71063745535946,5,37839.45499868171,Sedan,BMW
1.0,252.4033815307518,3269.3779962231847,25.377168194507963,0,45250.44359117324,Hatchback,Hyundai
1.4878061793328552,146.157604011014,2539.6632034603167,16.990170940514158,3,34473.76239117736,Coupe,BMW
1.8737159243034198,195.97093305142704,3084.680412018039,23.769687559350256,13,32169.47575150907,Coupe,Ford
1.3761084090175753,121.8729429949645,2293.1427515475098,20.783767023419042,9,26467.459788979242,Convertible,BMW
2.8162056519658174,148.60046038012152,2944.3869693256497,35.85471358748907,2,44736.78786828814,Truck,BMW
1.2849293110196838,220.8320254254204,2548.046179267605,24.120570937838316,8,42393.757293872266,Sedan,Toyota
1.779977756651508,124.9213176884893,2632.2350287051167,25.61602403392243,2,34118.82772290775,Sedan,Kia
2.0653702886430456,222.49794231987715,3618.0465876052185,27.75742688020234,14,29999.20809243933,Convertible,Honda
2.720636644533058,178.310077418219,3545.6550602971347,25.218012231862268,5,39552.84719240902,Coupe,Hyundai
1.2820689244102803,127.50132896422929,3304.5690604535885,33.47525520215376,0,38125.37759942963,SUV,Honda
2.58158187607748,175.29630956222084,2453.8436176637106,21.88675319132774,11,33282.307239703114,Truck,Toyota
2.0051165305097935,188.9021779850692,2841.795775152599,25.973037276186215,5,42323.10462161042,Convertible,Toyota
1.5092456744760245,174.87239848868785,3606.548849989592,21.28764707150976,3,33382.19698717313,Truck,BMW
2.231051737131635,87.19101120438174,3070.858456819952,18.39988744389647,7,27336.354153035696,Coupe,Chevrolet
2.099529847786735,120.91451296700527,4159.664769990847,21.941154545473573,12,21247.22056765597,Coupe,Kia
1.6998915614206027,140.0992545779398,3196.658919697186,24.81481601475794,10,31118.0013180276,SUV,Mercedes
2.0349010424950094,147.02266283599815,3096.0245582450157,22.8534888774137,8,35170.648776413786,SUV,Kia
1.80734320156912,174.82688390202713,2845.4417678987493,21.53789510063072,3,36988.10030367202,Sedan,Mercedes
2.056758672625624,157.10804003733014,3066.770452391141,17.96841268164083,9,29242.10738133861,Truck,BMW
2.3310653372605232,96.58622565159595,2923.765081809728,24.584472136856526,11,26440.358614652618,Truck,Mercedes
2.793008408072676,165.20791404023853,3354.054338344295,17.476398129844988,9,31912.72627794326,Coupe,Toyota
1.3810922505865755,174.42342981135292,3478.3511583972922,28.80027981844801,5,35298.15094392556,Sedan,Honda
3.066516687328133,172.3916179172416,2607.005269746025,25.412198764672517,0,46357.91790823583,Convertible,Mercedes
1.023956100238749,193.23122902218486,2334.383523221111,17.71224250267535,3,34429.326344632274,Truck,Kia
1.9241074524822084,183.35688618195616,2081.8973134483517,23.453954614750682,6,38607.3317795072,Sedan,Hyundai
2.2941586032422885,168.36720316913747,3253.995663456272,21.239217972047083,11,29079.592846009138,Sedan,BMW
2.1404959338675162,147.19337154165413,2448.3166969130634,26.5958725520959,14,26577.120427561465,Coupe,Chevrolet
1.6886502400897032,83.56156265936035,2000.0,31.70225223011572,0,38649.82143916592,Sedan,BMW
1.8959388748213624,167.18472876530342,3194.289302265482,15.624137651771278,7,29629.52463825921,SUV,Ford
1.7534995326705836,158.30750748652446,4246.499758716395,25.575130395737087,11,28339.68628187478,SUV,BMW
1.7053176215278942,160.86315348781494,2996.9645442300534,24.199336022166797,9,30490.28046867481,Hatchback,Toyota
2.4248010485105125,98.93005696718762,3419.245387225821,28.356700382252328,11,24440.737807257454,Coupe,Honda
2.1785077429825237,106.7577383836695,3040.9146792737824,26.065983141188447,10,27923.408129108073,Convertible,Honda
1.6535452023696728,192.12611413331615,2950.555173404429,21.240153341305906,5,38200.269931030736,Hatchback,Hyundai
2.4497999377166253,148.4177938457338,3459.5382414938845,23.40473032166691,4,37094.274773507925,SUV,Mercedes
2.1536497604383045,177.26002789490497,2854.8627279056745,21.019870715982556,9,35617.570079256286,Hatchback,Toyota
2.40643105941948,151.13273504521845,3133.6961570359513,30.38003569299299,10,31478.564740940335,Coupe,Ford
2.314814420961806,151.19024557982982,3160.8489030980068,25.10655824335971,14,25538.608194328837,Coupe,Toyota
1.585502494538964,187.5313522390399,2665.9547731784755,34.50595342876504,13,29908.62279380134,Sedan,BMW
1.7199094799015153,129.35821087130503,3496.0211747682615,24.696695930926897,8,26392.025303525996,Truck,Toyota
2.373646802561631,153.84483107763933,2912.5201216522955,21.457966165447687,1,45870.165355851226,Sedan,Toyota
2.3051851327167325,131.5089884517983,2622.127420253578,17.431428036935863,4,36797.84417168362,Coupe,Hyundai
1.989549203017926,132.62015090270737,3268.254921785202,15.984301618720275,5,28188.864447082124,SUV,Ford
2.058663691654391,137.63311506125441,2550.7660091044813,17.079320284972553,6,29608.718706387026,Convertible,BMW
2.6388324478942122,158.88535086534853,3014.090578684564,26.335633255057417,4,40007.71004729682,SUV,Chevrolet
1.704214305582085,130.8500551334609,2995.4405016778983,27.54362511614967,8,30810.02204472242,Sedan,Hyundai
2.273548690585019,200.23024502294084,3542.947782915789,17.094046489839332,0,44274.351976820166,Convertible,Chevrolet
1.898903673783053,114.21570791121985,3237.3491164399766,29.475191570380577,6,30028.710306559908,Coupe,Hyundai
1.89115939838639,142.52513423354563,2987.486520627428,22.5846947415828,9,29217.049005569632,SUV,Honda
2.549388425993595,132.410757669033,3408.8831496001435,25.733965059927748,6,33874.02680598806,Coupe,Kia
2.412708174494015,207.8791153741493,3695.103774508657,33.06110314127712,3,44419.835152721746,Convertible,Hyundai
2.4067548180003193,157.86219106046298,3278.905153175931,29.48419657932766,8,29906.911824065854,Convertible,Mercedes
2.6527394035771645,191.2737815787454,3005.1763099216905,23.657346760470837,13,32347.11383970643,SUV,Toyota
2.0105019208163797,90.57758507852112,2344.08188382492,20.544038872923565,11,21807.0954087155,Coupe,Honda
2.3409764856474817,160.68201063477036,2467.4431684623137,14.240922993353475,10,31354.851619982575,Hatchback,Ford
1.844866621703272,185.58523182493747,2847.387647822666,21.4042334037879,4,44649.71243792263,Coupe,Chevrolet
2.162083176244221,153.29135957101695,2695.2438989203583,23.944348805861527,3,38948.73078011455,Convertible,Kia
1.9349284728161578,192.61921500261406,2906.514348507277,20.06410236424408,12,30639.439322199345,Coupe,Kia
2.048497982496359,129.3084619959851,3028.3249624485534,24.343715164538477,6,33732.036259052686,Sedan,Hyundai
2.2975785127184567,206.3738976074232,3264.8463771783654,25.384259414793842,3,44042.66020191816,Hatchback,Toyota
1.5908896583832637,241.95592494477,2964.7506109704545,23.875720090959607,14,34654.093246781486,Truck,Ford
3.0461936378427303,135.48645758241364,3243.250821913101,21.7499870958827,2,39764.42363355123,Sedan,Mercedes
1.496991309250149,132.17989914396912,3032.23720740506,25.84327335983364,8,32926.23122896306,Truck,Ford
1.392905693606134,208.13537908470803,2012.2667168230644,27.209703247847045,10,34147.885334560655,SUV,Toyota
2.579055436750034,213.1828858292285,2530.332303090623,19.548004612785768,7,41851.65536317176,Truck,Mercedes
2.395831346981468,129.08559891386926,2927.956222139192,32.054661898731354,0,38798.311607836134,Coupe,Ford
2.3120599085260776,133.1925273161657,2395.152628579446,24.507059338578692,6,35477.56436043615,Truck,Mercedes
2.31417275463214,138.7286156455797,3299.964364998102,25.094248114724238,8,29396.92769843085,Convertible,Hyundai
1.9938766135765427,96.22197955862892,3765.375416171849,28.541072116282784,7,25946.55776029521,Sedan,Hyundai
1.5513728142570842,113.25392214063207,3609.380925848658,26.166080656317508,7,26403.78510792483,Sedan,Toyota
2.0379022790968633,109.83436932991728,2893.278564534896,29.765683169566223,12,27215.35671381519,Truck,Toyota
1.661419144243944,119.28809739583485,3745.363068424976,26.43562082600912,5,31546.374088552016,Sedan,Mercedes
2.4875598667088754,148.61260450452875,3074.3337286010556,21.93781312679781,10,28071.400465844185,Convertible,BMW
1.9264713092489307,159.36858930146082,2831.4570144409804,26.80751762603051,3,38524.73057621671,Sedan,Honda
1.5872514016037442,212.02001971256308,2693.29866822953,19.28136896339669,7,36014.27292278948,Truck,Kia
1.8393070791735033,110.06583837044836,2848.765156755936,25.542798528882617,2,31418.524645479327,Hatchback,Ford
2.2064657271378123,189.37289593906334,2805.911590729386,24.833850046777695,12,32477.5995023678,Hatchback,Ford
1.7181377235980126,141.44044623097963,3085.2081111877437,23.959415713637302,8,29302.95913733234,SUV,BMW
1.5888898022167843,148.02145161390268,3080.286990524932,24.357312442805345,12,31133.13604824287,Sedan,BMW
2.121843605745956,176.99277968666416,3001.523010076707,15.590754772511804,1,41045.83337097462,Truck,BMW
2.1224832855543614,105.09111913750806,3218.469084873175,22.256375461295193,1,31135.663691418107,Sedan,Chevrolet
1.7465284123144351,165.29638984736204,3595.323137393171,25.464224505705573,11,27541.874839692402,Coupe,Chevrolet
1.7644808471908386,156.65808832852224,3474.7770677206618,25.799281959987002,12,29212.320221839618,Convertible,Mercedes
2.116024968678818,169.69805056032595,2257.551015775048,19.86162429537021,14,32951.98833533285,Sedan,Chevrolet
1.2759578292513378,161.5667457563127,2000.0,31.328539204323505,11,28078.289279774068,Sedan,Hyundai
1.2962681128117224,248.21200559643577,3467.159955619637,20.669125758927496,6,36149.661368346875,Hatchback,Hyundai
1.640777889373782,124.49040062994736,2316.5606507922894,29.847286002633684,11,31449.6399808018,Convertible,Toyota
1.8932764241440765,128.7601217999273,2887.6172990536584,27.135971809358423,9,29987.029570931136,Truck,Kia
2.155453782799002,125.07437894300942,2414.94348697032,21.768863450780984,3,33761.09949516078,Sedan,Mercedes
2.737678108474776,127.78091523358981,2099.0097812099903,33.87655446304756,9,35637.67535121772,Hatchback,Kia
2.42882981160101,124.50451490773929,3270.731364102394,19.0318158412176,7,24730.345887581934,SUV,Ford
1.9200307350182864,197.56066124430208,3379.5775801513237,29.595770868050007,8,36682.90835598675,Convertible,Honda
1.9904918960486555,206.8201699195942,2711.7447996366404,30.002911590214893,6,41886.227744561256,Hatchback,Toyota
1.4987353176810956,127.17014825002096,2000.0,21.646898954616777,4,35391.14084804439,Hatchback,Ford
1.990743432003805,116.70577707583085,2726.8777758737588,31.962326500321645,7,29553.725847326237,Hatchback,Ford
1.8556706805399308,168.85662225545616,3195.9020027012734,23.749767427005235,3,37982.198069970626,Sedan,Mercedes
2.161359280169045,127.91107822876114,2260.5442156129357,26.443468146399287,1,37191.94160931806,Sedan,BMW
1.5863845282238385,175.31727271022044,3091.6799598895777,26.301609193856102,10,31878.61028603425,SUV,BMW
2.259673257120586,158.116920834052,2992.3450754135024,24.32845629264726,14,25681.020317743358,Coupe,Kia
2.766369456501289,89.37023540011072,3289.6457498005443,29.05404136579891,11,24651.44700475319,Coupe,Toyota
1.9456199257715712,211.90020805320245,3059.7901842070764,28.967443602761065,5,39709.15814519256,Coupe,BMW
2.2008558610494706,221.8351069238209,2513.4655295592224,16.257340133809095,8,40312.88772682118,Convertible,Ford
2.345071995855556,125.48845238062455,3598.285750832246,31.521701214390763,0,40408.73220015612,Convertible,BMW
1.799389764057082,134.49193760256063,2920.735213486515,16.68754005982163,10,25874.15949750378,SUV,Chevrolet
2.1120462409052085,161.4346156289962,2986.347730245034,30.162731021708286,9,33615.927019386894,Convertible,BMW
2.0062962003908975,163.378271599481,2533.366020463402,30.633525684137915,11,29519.506027754487,Coupe,Ford
2.048838049274416,176.3417709069132,2778.358874404245,19.54516784892401,6,35533.653763477305,Coupe,Kia
1.6134951080722668,230.40818155065398,2557.5986429865497,22.945928560227077,9,38254.88267127102,Hatchback,Mercedes
2.0122550871294713,142.922110900238,2913.5269700382887,19.47147665757032,8,35637.803924909655,Convertible,Toyota
2.248999145622725,118.06811021846185,3855.8542400711717,23.925394848556323,9,24403.244896734956,Sedan,Honda
2.725571803897521,94.82723087941892,2314.049428534322,23.459828579071292,8,32651.65983588494,Sedan,BMW
2.4796354130426033,120.76279840232324,2193.2193010616293,28.898302661346698,9,33902.12555643784,Hatchback,Hyundai
3.0765912287557784,148.6749210850481,3735.585163746804,31.55154373059804,10,33497.67702237841,Hatchback,Hyundai
1.6163262185559752,221.78231454071152,2895.338161424067,31.97841905394978,12,39149.45856607116,Hatchback,Kia
2.436160318360339,129.29554803855314,2665.4636306700418,22.18915986710849,2,38089.15141623167,Sedan,Ford
2.091671002869176,158.95151806555594,3519.952343698038,23.95389063127736,10,30699.356645358377,Coupe,Honda
3.094901466608836,149.34308415708992,2697.192230131568,16.58280903889525,12,30034.94885701632,Hatchback,Honda
1.5958508573224242,197.53573093792335,3913.004856773468,20.970649667519055,4,39356.38365055375,SUV,Chevrolet
1.580139078909612,251.07729703494488,3338.9629356696346,29.824258165487286,7,44328.011169603276,Hatchback,Honda
1.700303677277989,128.76524908318717,2756.0442959271486,33.07791411774116,7,30829.575596854193,Truck,Hyundai
1.0,130.42242229927112,4078.654106632752,18.82825564060039,3,26012.09075558415,Hatchback,Mercedes
1.7371224891596195,191.76643508276288,2697.142538498331,22.037678704235528,14,28995.300364814277,Sedan,Ford
1.620433669223151,177.27565958505247,3371.0476860046533,24.867971215205365,14,25220.288708411168,Convertible,Ford
2.075196893238104,223.86829302944136,3149.646290203246,26.400805794098034,11,36466.23941184085,Hatchback,BMW
2.1708779878885798,173.35712741303854,3650.8706446993992,20.95198240039177,10,33211.87816501742,Convertible,BMW
2.938085419607943,135.62831636851763,3780.7555983634265,27.120305222320447,10,29325.03443323925,Truck,BMW
2.475211919093025,173.62619322769237,3016.0020745328834,22.63080326464542,0,43196.764821288474,SUV,Hyundai
1.7115481721687984,194.3481432233163,2623.291064826908,24.927738645608603,0,44424.46990792271,Convertible,Hyundai
1.550792664325821,182.81928724789458,3229.9860714695583,27.7314212400185,14,29717.48058724207,Coupe,Kia
2.245959585753253,170.2909612442919,2661.142315123947,25.032111349054688,3,35957.33385328278,Hatchback,Hyundai
1.3398833964896788,192.66698758356614,4006.6936237633117,22.818070547367157,5,33623.175220241865,Truck,Hyundai
2.915729382927177,196.7718236178269,3068.267665541369,24.451950980370846,7,40600.7927601146,Truck,Hyundai
2.5897200603606434,205.2863596415011,2817.3392243439457,24.558185203973323,5,44974.912650192535,Convertible,Hyundai
1.7654121739476476,175.94839550358572,3092.340152932454,23.14994485058936,11,29352.57984144206,SUV,Mercedes
1.1434327354545613,143.31527678732581,2326.4368552351516,23.706019686664487,8,26097.05069987511,Sedan,Hyundai
2.676936187082706,155.8685474573329,2514.192980744674,32.99323585252358,14,32427.347407929057,Hatchback,Kia
1.942730077373691,198.26035866033428,3600.2069539722124,27.804597239706194,14,28744.00686050005,Truck,Honda
2.618908155986731,117.32257316051056,2671.552860514302,23.522598409854197,8,28571.062426772773,SUV,Honda
1.2027861706028165,164.74693235491605,2476.5445086590303,28.484772022553678,13,26578.226355066283,Coupe,Chevrolet
1.7003124885231136,134.26644750690556,3268.326376263643,23.33090255121995,1,35288.05925866489,Truck,Mercedes
2.0026218498590915,151.1497929173927,3592.8520773314985,30.865623187933206,9,29900.77599516376,SUV,BMW
2.023490296882371,201.13807450429195,3359.4766553325335,26.84821096099047,0,40423.8351084112,Sedan,Toyota
1.7749672642603782,157.64396272079614,3498.023842902908,24.463489279978855,1,39780.080628824966,Sedan,Hyundai
2.3114249661737496,151.85746192624595,2621.6024557152696,27.238584629051388,4,40874.28318808303,Truck,Chevrolet
1.466189785308703,95.60575436080323,2289.0946666290783,17.145619239657503,3,31113.123289358788,Truck,Toyota
1.9288102574893533,179.85014264108884,3750.6668259777434,19.366162655450974,3,34867.97257486202,Convertible,Kia
2.0601478158559496,175.819367245643,2838.660080578932,19.030374968004722,8,33488.151936680195,Hatchback,Honda
2.2572194170293747,236.5301889322184,2874.5834917724765,25.714715473818533,10,39805.41062506981,SUV,Chevrolet
2.355807439044445,137.68887060187996,3664.097070924529,33.66257499742546,7,34438.21901408119,Truck,Kia
1.4376789540810653,158.76601310655755,3278.11500470033,36.15650073096316,5,37201.38928712709,Hatchback,Chevrolet
1.2329429146321889,159.9753473484302,3227.9438860408036,28.190255507203787,0,37410.17921054175,Convertible,Ford
2.6388384109492544,213.098131190539,4082.501172450542,27.504222374722286,1,45726.16159477216,Hatchback,Kia
2.166157005989796,146.1881787045219,2678.2408848099285,15.994711329236305,5,34874.310193879464,Truck,Honda
1.6257567317217232,161.16086103081358,3463.9200640406184,22.28663100132989,10,31434.487014724793,Sedan,Honda
2.7755759877612616,174.31586038866158,3028.5065624485424,21.061081240458805,1,44322.530204994066,SUV,Mercedes
2.0578373171464293,157.46436492625432,3134.2961394316285,21.89576200874442,14,27608.621941701385,SUV,Chevrolet
2.589648592031913,132.14265541797886,3764.234213206266,24.159280907076052,12,26454.25232875503,Sedan,Hyundai
2.0337592407050544,157.76359971593232,3253.9178781448118,22.639547111514364,9,33718.629650128656,Truck,Honda
3.0303739624409936,192.94526999439088,3269.1480395248163,15.103500948121061,4,41687.578589255645,SUV,Chevrolet
2.877670421221602,108.9393880235576,3536.253668654901,28.73955128058767,13,23480.17716448116,Truck,Mercedes
1.8755179257604633,155.31878696587503,2817.5236352285574,19.636284871300965,4,38257.38211792235,Convertible,Hyundai
2.4857854754771775,121.99516740243307,2580.395166330497,26.196234320555746,5,36131.136243203044,Truck,Kia
2.322687974792574,197.8018651569937,2477.5954029894833,35.370413348749864,5,42981.05426159113,Hatchback,Mercedes
2.6843157787661744,89.07252380864901,2016.8217053119993,20.403077042067885,13,23048.185780154516,Sedan,Ford
1.5175382697099478,127.64312610913646,4028.103564970161,12.348562386268352,5,27323.58385763836,Truck,Hyundai
2.3430257299992197,165.08847500258082,2448.3958171391587,23.569978890599447,13,31281.498424632482,Convertible,Chevrolet
2.529212243424794,212.62096116937363,2889.373188207114,30.504798174992857,1,48566.5306370585,Coupe,Honda
1.1206302567884427,147.3699895570805,2861.5933500555398,34.79173727110297,13,26956.667827068664,Sedan,Honda
1.4083707436671125,127.79201893227207,3153.7033489045502,18.852252027737915,9,28867.272581119796,SUV,Chevrolet
1.0,225.2462827776236,3407.8686062696484,27.483496116182607,13,33348.676592929354,Hatchback,Chevrolet
1.865296582777721,92.07944398335025,3430.236744179873,22.673447716099734,12,20859.321384058443,SUV,Chevrolet
2.358771127897981,70.0,2708.461280715531,24.47025822847932,14,21436.063629493714,Convertible,BMW
2.751178526048014,167.6005780021333,2916.4391431067943,38.221716735085174,13,31760.010632105743,Convertible,Hyundai
2.037047390209888,129.91783102589557,3141.28997524415,17.485148358024233,2,35113.229094229384,SUV,Honda
2.814307772785646,109.15068731477147,2875.6544369082267,26.268698307472867,13,29479.03553697843,Sedan,Hyundai
1.3099492708925542,178.33425789197412,3803.672788009996,27.338465858827167,5,34187.52940683576,SUV,Mercedes
1.1483087803224228,159.75202855084797,3245.487475819126,30.428931624696737,12,25319.67271211499,Truck,Honda
1.9722261505516907,127.43685477053086,3367.438893024909,25.48991576735448,7,28719.29151894312,SUV,BMW
2.192032724469654,98.78782405316423,3331.4406343337064,26.54025269752051,11,21920.783774877294,Hatchback,Chevrolet
1.9836526259529534,184.89829313120578,3586.7369287426627,23.041757162891045,12,28306.140949816916,Hatchback,Ford
1.0,176.00804711834644,3090.5107793518537,26.345634706225535,10,28947.893897195983,Coupe,Chevrolet
1.9554399802436058,146.03296544882468,2351.5840260220766,23.28403862251295,11,26612.12211971444,Hatchback,Kia
1.3477652497475734,223.86547984190662,3199.8439758763207,28.107859449280255,0,45682.964339436,SUV,Chevrolet
2.3348362744150193,107.19660934695389,2674.3215531040855,23.15194831978183,0,38810.47066326193,Hatchback,BMW
2.183299123048424,88.97899316301044,2735.6916591251215,26.885501969510933,10,23538.001400804424,Sedan,Hyundai
1.5300601068363224,122.32367720475023,3293.182009377547,24.853685931575107,12,26245.489055827453,Hatchback,Honda
1.7430665413316533,148.17655934578008,3619.141535716818,30.63025125386084,1,38956.206914966686,Truck,Chevrolet
1.4703932390555243,159.73357797290768,3010.6357883680307,24.74303138205757,10,31373.033385380902,Sedan,Honda
1.968660451363414,140.3505576857468,3154.416506299482,16.134837658965594,14,21543.5025341548,Coupe,Toyota
2.477571160250619,164.08221586057186,3851.107472317619,31.309607503569957,11,33109.692077021034,Truck,Mercedes
1.507136976832228,99.93842303238225,3120.376589744284,20.471338495686904,11,19184.899952593096,SUV,Hyundai
2.252023257758922,207.75058416293038,4300.841557090198,21.7311683067559,5,40056.1737384136,SUV,Honda
1.7348711908137795,146.71395286429726,3282.754822815772,22.02169352978254,8,30058.516598783088,SUV,Ford
1.6035635838688278,194.6918332635251,2119.618620422091,31.872190465854086,3,44521.577370255196,Truck,Mercedes
1.9464848200227212,163.70901385510817,3376.670810552266,14.321628930106522,2,33970.15079924605,Truck,Kia
1.482378838790313,168.27012876615134,3190.579192441389,40.688742668299966,11,30240.599857210076,Truck,Kia
1.7231753473264089,172.79069120928816,3644.876377041373,30.28028404533026,7,35409.35565439812,Sedan,Ford
1.4010610537055759,167.9083424006926,3336.590675634979,26.1161945706458,10,27647.37895559679,Convertible,Chevrolet
2.9823625664581948,175.70891039470175,2930.772008008113,24.725529996918567,9,37527.95330641049,Sedan,Mercedes
2.017631775985864,203.16610120529725,2387.8508818553173,26.427770374288286,13,31145.08214671385,SUV,Honda
1.6501372460037071,157.8608467880588,2895.4883713569875,27.605612141896692,8,34162.9905278157,Convertible,Mercedes
2.106989955367111,178.36015030354048,2574.73977289535,28.226077929750286,11,31187.67430707772,Hatchback,Chevrolet
1.943835975154585,146.41057222851094,2709.7382750976385,27.778022330017244,10,31713.29293948206,SUV,BMW
1.8895152002333886,207.60468861797892,3294.2892022103047,25.447903406276243,4,42181.2786066247,Coupe,Hyundai
2.3070833500217125,122.9443079176292,3834.952252175703,24.01330789846337,8,26954.894280310178,Sedan,Ford
2.3787538550236524,222.03761731643263,3197.3357649114905,24.243633581732443,1,47958.131617407176,Truck,Chevrolet
1.7347494261947363,148.39368197422627,2402.0584689824077,24.025458598236597,2,38565.47578435645,Sedan,BMW
1.71209087967766,92.76899591527808,3222.3013341100705,30.668850484335323,6,27024.655946822233,Truck,Mercedes
1.862474151424178,155.12417659643157,3598.3157433228257,27.967783611404307,6,31479.655981398486,Convertible,Mercedes
1.0,122.75793370100476,2695.108547840309,10.298056826678598,5,23019.936256410423,Coupe,Chevrolet
1.2424044689007239,183.62574195954898,2932.9914166635413,28.279503882648804,5,37579.00564045913,Convertible,Honda
2.6834371337222622,123.89504082790437,3007.3440973645984,25.973680973593876,1,35490.25794122269,Coupe,Mercedes
2.822483856750642,132.15266267140882,2607.55084345888,24.90645621777051,9,32639.595792911765,Sedan,Honda
1.8754819802218108,74.41837076217877,3324.1402169219296,23.05740773455557,5,25504.587697786064,Truck,Honda
2.2882784815278834,131.90774723003693,2939.5259256961094,30.620563599930065,3,38658.956587057524,Convertible,Hyundai
2.155625077271768,70.0,3209.766221953514,29.737632310614288,11,21390.778251051408,Coupe,Honda
3.539440404227619,86.64388706057107,2556.25391109895,21.135611660881956,2,35738.42885602427,SUV,Toyota
2.5597874557172884,180.4165862457719,2781.270849838295,27.035261435622676,12,35029.27298775359,SUV,Hyundai
1.9360412042596167,181.4320063460333,3361.1906789138857,20.14171632729357,10,31927.40221318136,Convertible,BMW
1.5222297796997872,167.01830247139858,2813.5834239541164,18.101909176055347,12,27894.04648790761,Truck,BMW
1.1967768398712137,111.32095427483148,3863.4819256167025,21.866413877050174,1,31307.28005089047,Convertible,Mercedes
2.1017318179336115,148.0915457543208,2800.181907192699,29.311967361913794,0,38305.23544081607,Sedan,Mercedes
1.6218246273578483,149.85589843637726,3112.342362875943,29.765625226880434,10,31093.081405309436,Coupe,Honda
1.2888731452011628,103.6654124322983,3466.295415936545,27.565427100486467,10,24038.592855084724,Sedan,Hyundai
1.6767135578787367,210.135932070686,2290.817133533484,28.625478934239986,4,41153.82914333284,SUV,Hyundai
1.4592259981928026,185.09449162302684,2119.595594009612,27.58089143557479,1,42675.95330862842,Coupe,Toyota
2.8435708175362824,141.16143304681344,2237.1718427149526,21.792592023885238,1,41452.41590138207,Convertible,Honda
2.4408198784747253,151.07543355978123,3631.292051713591,27.159612723369705,6,34330.3478638456,Sedan,Toyota
1.9960136793416914,158.3353123179021,2724.070927053777,29.002047626138413,7,35841.55987407248,Hatchback,Kia
2.739972069445013,70.0,4279.099642834126,28.771456649067872,12,23278.74181614273,Truck,Honda
2.038684153823809,140.1129046991761,2717.876200671306,30.944566857373214,9,34044.03735686672,Truck,Ford
1.5693578993358681,122.72063008008806,3092.2756515985184,28.541519236005318,7,26879.450863157617,Hatchback,Ford
2.7615620386348287,109.93519960420338,3771.054976283938,26.757241037707914,13,25331.684311910627,SUV,Chevrolet
2.2694550218423295,138.7559882845618,4003.0464440795613,30.350751191582138,3,38405.88788321128,Coupe,Honda
1.481376922836772,221.9074610739809,4030.751788318199,24.8673937037547,14,30320.469081401352,Truck,Hyundai
1.904830660958196,175.6337144506804,3604.1831152965715,20.59062674386141,13,29369.583396493705,Hatchback,Mercedes
1.5621908733076215,127.15284040868812,3512.031262905731,24.18466518028118,0,39239.26806243798,Convertible,BMW
1.308600134517832,172.90331125424635,3296.2634746005915,21.275486775967757,10,30926.121027184465,Hatchback,Chevrolet
